step-up,0.0607927
step-up-all-in,0.0607927
step-brothers,0.0607927
step-up-revolution,0.0607927
step-up-to-the-plate,0.0607927
every-little-step,0.0607927
step-up-2-the-streets,0.0607927
step-into-liquid,0.0607927
justin-biebers-believe,0
happy-people-a-year-in-the-taiga,0
nobody-knows,0
cirque-du-freak-the-vampires-assistant,0
the-arrival,0
anchorman-2-the-legend-continues,0
divan,0
empire-of-the-sun,0
village-of-the-damned,0
date-movie,0
don-jon,0
the-italian,0
being-john-malkovich,0
anvil!-the-story-of-anvil,0
1000-times-good-night,0
cloudy-with-a-chance-of-meatballs,0
altered-states,0
the-adventures-of-felix,0
eyes-wide-shut,0
the-da-vinci-code,0
anomalisa,0
amira-sam,0
code-of-silence,0
avatar,0
beefcake,0
resident-evil-extinction,0
resident-evil-the-final-chapter,0
reaching-for-the-moon,0
the-unknown-woman,0
a-cat-in-paris,0
the-salt-of-the-earth,0
mona-lisa-smile,0
double-take-2001,0
adventures-in-babysitting,0
saw,0
elephant,0
stroker-ace,0
captain-underpants-the-first-epic-movie,0
feast,0
gnomeo-and-juliet,0
torremolinos-73,0
neighbors,0
